"@timestamp","src_ip",realm,"auth_user","response_code","http_method","bytes_from_client","bytes_to_client","media_type",url
"Jan 17, 2021 @ 20:50:49.000","10.xxx.xxx.xxx",SomeRealm,imxxxxxxxx,200,GET,"9,221",400,"text/html","http://detectportal.firefox.com/canonical.html"
"Jan 17, 2021 @ 20:50:49.000","10.xxx.xxx.xxx",SomeRealm,imxxxxxxxx,200,GET,"9,223",318,"text/plain","http://detectportal.firefox.com/success.txt?ipv4"
"Jan 17, 2021 @ 20:50:49.000","10.xxx.xxx.xxx",SomeRealm,imxxxxxxxx,200,GET,354,318,"text/plain","http://detectportal.firefox.com/success.txt?ipv4"
"Jan 17, 2021 @ 18:01:11.000","10.xxx.xxx.xxx",SomeRealm,imxxxxxxxx,403,GET,141,"3,079",,"https://armmf.adobe.com/arm-manifests/win/Acrobat10Manifest3.msi"
"Jan 17, 2021 @ 15:47:38.000","10.xxx.xxx.xxx",SomeRealm,imxxxxxxxx,200,CONNECT,"1,354","1,207",,"api.kontur.ru:443"
"Jan 17, 2021 @ 15:46:28.000","10.xxx.xxx.xxx",SomeRealm,imxxxxxxxx,204,GET,"1,793",277,,"https://metrika.kontur.ru/track-event?c=state&a=stopPolling&fp=73f522a52ff8656da6bcd42b672988dc&cv=%7B%22integrationId%22%3A%22KE-web%22%2C%22segment%22%3A%22notEmpty%22%2C%22segmentKey%22%3A%22ke-corp-segment%22%2C%22hasFeatureSegment%22%3Atrue%7D&ts=31.01.2023%2018%3A46%3A28%20GMT%2B03%3A00&id=70&rw=1536&rh=864&biw=1536&bih=713&bow=1550&boh=840&url=https%3A%2F%2Fextern.kontur.ru%2FAllForms%2Fnew_forms%2Fnew_candyform.aspx%3Fgfv%3D113104%26abonId%3D577100cf-a2c9-482e-918b-ad59e9497651%26userId%3D577100cf-a2c9-482e-918b-ad59e9497651%26orgId%3D03f93c7c-2265-4215-b86f-bf0e17e60035%26keDraftId%3D577100cf-a2c9-482e-918b-ad59e9497651__4b4242a2-b528-4882-8c60-f7715e39d363%26externalInitSectionPath%3D%26source%3D&urlref=https%3A%2F%2Fextern.kontur.ru%2Freact%2Findex%2F&ei=30&vs=0&vt=25896&tabid=39ydX6&ut=direct&ver=2.4.9"
"Jan 17, 2021 @ 15:46:21.000","10.xxx.xxx.xxx",SomeRealm,imxxxxxxxx,200,CONNECT,"1,851","3,281",,"api.kontur.ru:443"
"Jan 17, 2021 @ 15:40:41.000","10.xxx.xxx.xxx",SomeRealm,imxxxxxxxx,200,CONNECT,"1,583","2,244",,"api.kontur.ru:443"
"Jan 17, 2021 @ 15:26:15.000","10.xxx.xxx.xxx",SomeRealm,imxxxxxxxx,200,CONNECT,"2,158","4,371",,"api.kontur.ru:443"
"Jan 17, 2021 @ 15:11:47.000","10.xxx.xxx.xxx",SomeRealm,imxxxxxxxx,200,CONNECT,"2,387","5,378",,"api.kontur.ru:443"
"Jan 17, 2021 @ 15:02:01.000","10.xxx.xxx.xxx",SomeRealm,imxxxxxxxx,200,CONNECT,"2,175","10,188",,"api.kontur.ru:443"
"Jan 17, 2021 @ 14:40:06.000","10.xxx.xxx.xxx",SomeRealm,imxxxxxxxx,200,CONNECT,"2,443","11,264",,"api.kontur.ru:443"
"Jan 17, 2021 @ 14:31:08.000","10.xxx.xxx.xxx",SomeRealm,imxxxxxxxx,403,GET,141,"3,079",,"https://armmf.adobe.com/arm-manifests/win/Acrobat10Manifest3.msi"
"Jan 17, 2021 @ 14:28:12.000","10.xxx.xxx.xxx",SomeRealm,imxxxxxxxx,200,CONNECT,"2,577","6,350",,"api.kontur.ru:443"
"Jan 17, 2021 @ 14:13:34.000","10.xxx.xxx.xxx",SomeRealm,imxxxxxxxx,200,CONNECT,"1,946","9,212",,"api.kontur.ru:443"
"Jan 17, 2021 @ 14:05:43.000","10.xxx.xxx.xxx",SomeRealm,imxxxxxxxx,200,CONNECT,"5,678","30,098",,"api.kontur.ru:443"
"Jan 17, 2021 @ 13:27:10.000","10.xxx.xxx.xxx",SomeRealm,imxxxxxxxx,200,CONNECT,"2,119","14,128",,"api.kontur.ru:443"
"Jan 17, 2021 @ 05:47:26.000","10.xxx.xxx.xxx",SomeRealm,imxxxxxxxx,200,POST,635,146,"image/gif","https://mc.yandex.ru/webvisor/88760737?wmode=0&wv-part=24963&wv-hit=935822213&page-url=https%3A%2F%2Fxn----7sbahhggakerncjk7a.xn--p1ai%2Finfrastruktura%2F&rn=1064751165&wv-type=3&browser-info=bt%3A1%3Awe%3A1%3Aet%3A1674798443%3Aw%3A1515x713%3Av%3A960%3Az%3A180%3Ai%3A20230127084726%3Au%3A1674631791114645603%3Avf%3Asm0eap24hzlr84c06sesn%3Ast%3A1674798443&t=gdpr(14)ti(2)"
"Jan 17, 2021 @ 05:47:23.000","10.xxx.xxx.xxx",SomeRealm,imxxxxxxxx,200,POST,634,146,"image/gif","https://mc.yandex.ru/webvisor/88760737?wmode=0&wv-part=24962&wv-hit=935822213&page-url=https%3A%2F%2Fxn----7sbahhggakerncjk7a.xn--p1ai%2Finfrastruktura%2F&rn=854635956&wv-type=3&browser-info=bt%3A1%3Awe%3A1%3Aet%3A1674798440%3Aw%3A1515x713%3Av%3A960%3Az%3A180%3Ai%3A20230127084723%3Au%3A1674631791114645603%3Avf%3Asm0eap24hzlr84c06sesn%3Ast%3A1674798440&t=gdpr(14)ti(2)"
"Jan 17, 2021 @ 05:47:19.000","10.xxx.xxx.xxx",SomeRealm,imxxxxxxxx,200,POST,833,146,"image/gif","https://mc.yandex.ru/webvisor/88760737?wmode=0&wv-part=24961&wv-hit=935822213&page-url=https%3A%2F%2Fxn----7sbahhggakerncjk7a.xn--p1ai%2Finfrastruktura%2F&rn=602189453&wv-type=3&browser-info=bt%3A1%3Awe%3A1%3Aet%3A1674798436%3Aw%3A1515x713%3Av%3A960%3Az%3A180%3Ai%3A20230127084719%3Au%3A1674631791114645603%3Avf%3Asm0eap24hzlr84c06sesn%3Ast%3A1674798436&t=gdpr(14)ti(2)"
"Jan 17, 2021 @ 11:01:10.000","10.xxx.xxx.xxx",SomeRealm,imxxxxxxxx,403,GET,141,"3,079",,"https://armmf.adobe.com/arm-manifests/win/Acrobat10Manifest3.msi"
"Jan 17, 2021 @ 09:26:11.000","10.xxx.xxx.xxx",SomeRealm,imxxxxxxxx,200,CONNECT,"3,188","33,839",,"api.kontur.ru:443"
"Jan 17, 2021 @ 09:25:15.000","10.xxx.xxx.xxx",SomeRealm,imxxxxxxxx,204,GET,"1,792",281,,"https://metrika.kontur.ru/track-event?c=state&a=stopPolling&fp=73f522a52ff8656da6bcd42b672988dc&cv=%7B%22integrationId%22%3A%22KE-web%22%2C%22segment%22%3A%22notEmpty%22%2C%22segmentKey%22%3A%22ke-corp-segment%22%2C%22hasFeatureSegment%22%3Atrue%7D&ts=31.01.2023%2012%3A25%3A15%20GMT%2B03%3A00&id=70&rw=1536&rh=864&biw=1536&bih=713&bow=1550&boh=840&url=https%3A%2F%2Fextern.kontur.ru%2FAllForms%2Fnew_forms%2Fnew_candyform.aspx%3Fgfv%3D113104%26abonId%3D577100cf-a2c9-482e-918b-ad59e9497651%26userId%3D577100cf-a2c9-482e-918b-ad59e9497651%26orgId%3D03f93c7c-2265-4215-b86f-bf0e17e60035%26keDraftId%3D577100cf-a2c9-482e-918b-ad59e9497651__4b4242a2-b528-4882-8c60-f7715e39d363%26externalInitSectionPath%3D%26source%3D&urlref=https%3A%2F%2Fextern.kontur.ru%2Freact%2Findex%2F&ei=28&vs=0&vt=4346&tabid=39ydX6&ut=direct&ver=2.4.9"
"Jan 17, 2021 @ 09:23:57.000","10.xxx.xxx.xxx",SomeRealm,imxxxxxxxx,204,GET,663,225,,"https://metrika.kontur.ru/track-event?c=keweb-auto&a=-&fp=73f522a52ff8656da6bcd42b672988dc&cv=%7B%22own_class%22%3A%22css-12rnk2d%20e8ri1bb1%22%2C%22own_tid%22%3A%22%22%2C%22id%22%3A%22%22%2C%22class%22%3A%22%22%2C%22tid%22%3A%22%22%2C%22text%22%3A%22%22%7D&ts=31.01.2023%2012%3A23%3A57%20GMT%2B03%3A00&id=3&rw=1536&rh=864&biw=1536&bih=713&bow=1550&boh=840&url=https%3A%2F%2Fextern.kontur.ru%2FAllForms%2Fnew_forms%2Fnew_candyform.aspx%3Fgfv%3D113104%26abonId%3D577100cf-a2c9-482e-918b-ad59e9497651%26userId%3D577100cf-a2c9-482e-918b-ad59e9497651%26orgId%3D03f93c7c-2265-4215-b86f-bf0e17e60035%26keDraftId%3D577100cf-a2c9-482e-918b-ad59e9497651__4b4242a2-b528-4882-8c60-f7715e39d363%26externalInitSectionPath%3D%26source%3D%23%2F&urlref=https%3A%2F%2Fextern.kontur.ru%2Freact%2Findex%2F&ei=254&vs=1&vt=4289&tabid=39ydX6&ut=direct&ver=2.4.9"
"Jan 17, 2021 @ 09:23:57.000","10.xxx.xxx.xxx",SomeRealm,imxxxxxxxx,204,GET,751,223,,"https://metrika.kontur.ru/track-event?c=candy&a=helptooltipShow&fp=73f522a52ff8656da6bcd42b672988dc&l=options&cv=%7B%22gfv%22%3A%22113104%22%2C%22trigger%22%3A%22hover%22%2C%22for%22%3A%22%D0%A4%D0%B0%D0%B9%D0%BB%2F%D0%94%D0%BE%D0%BA%D1%83%D0%BC%D0%B5%D0%BD%D1%82%2F%D0%9D%D0%94%D0%A4%D0%9B6.2%2F%D0%A0%D0%B0%D1%81%D1%87%D0%A1%D1%83%D0%BC%D0%9D%D0%B0%D0%BB%2F*%22%7D&ts=31.01.2023%2012%3A23%3A57%20GMT%2B03%3A00&id=3&rw=1536&rh=864&biw=1536&bih=713&bow=1550&boh=840&url=https%3A%2F%2Fextern.kontur.ru%2FAllForms%2Fnew_forms%2Fnew_candyform.aspx%3Fgfv%3D113104%26abonId%3D577100cf-a2c9-482e-918b-ad59e9497651%26userId%3D577100cf-a2c9-482e-918b-ad59e9497651%26orgId%3D03f93c7c-2265-4215-b86f-bf0e17e60035%26keDraftId%3D577100cf-a2c9-482e-918b-ad59e9497651__4b4242a2-b528-4882-8c60-f7715e39d363%26externalInitSectionPath%3D%26source%3D%23%2F&urlref=https%3A%2F%2Fextern.kontur.ru%2Freact%2Findex%2F&ei=256&vs=1&vt=4290&tabid=39ydX6&ut=direct&ver=2.4.9"
"Jan 17, 2021 @ 09:23:57.000","10.xxx.xxx.xxx",SomeRealm,imxxxxxxxx,204,GET,605,222,,"https://metrika.kontur.ru/track-event?c=candy&a=unitMenuClick&fp=73f522a52ff8656da6bcd42b672988dc&l=options&cv=%7B%22gfv%22%3A%22113104%22%2C%22unit%22%3A%22razdel2-1%22%7D&ts=31.01.2023%2012%3A23%3A57%20GMT%2B03%3A00&id=3&rw=1536&rh=864&biw=1536&bih=713&bow=1550&boh=840&url=https%3A%2F%2Fextern.kontur.ru%2FAllForms%2Fnew_forms%2Fnew_candyform.aspx%3Fgfv%3D113104%26abonId%3D577100cf-a2c9-482e-918b-ad59e9497651%26userId%3D577100cf-a2c9-482e-918b-ad59e9497651%26orgId%3D03f93c7c-2265-4215-b86f-bf0e17e60035%26keDraftId%3D577100cf-a2c9-482e-918b-ad59e9497651__4b4242a2-b528-4882-8c60-f7715e39d363%26externalInitSectionPath%3D%26source%3D%23%2F&urlref=https%3A%2F%2Fextern.kontur.ru%2Freact%2Findex%2F&ei=255&vs=1&vt=4290&tabid=39ydX6&ut=direct&ver=2.4.9"
"Jan 17, 2021 @ 08:12:36.000","10.xxx.xxx.xxx",SomeRealm,imxxxxxxxx,403,GET,71,"3,092",,"https://firefox-settings-attachments.cdn.mozilla.net/staging/addons-bloomfilters/8038652a-6557-460a-858c-84f19a5a0987.bin"
"Jan 17, 2021 @ 08:12:36.000","10.xxx.xxx.xxx",SomeRealm,imxxxxxxxx,403,GET,71,"3,092",,"https://firefox-settings-attachments.cdn.mozilla.net/staging/addons-bloomfilters/8038652a-6557-460a-858c-84f19a5a0987.bin"
"Jan 17, 2021 @ 08:12:35.000","10.xxx.xxx.xxx",SomeRealm,imxxxxxxxx,200,GET,258,"21,313","application/json","https://firefox.settings.services.mozilla.com/v1/buckets/monitor/collections/changes/changeset?_expected=0"
"Jan 17, 2021 @ 08:11:39.000","10.xxx.xxx.xxx",SomeRealm,imxxxxxxxx,200,CONNECT,"2,365","5,755",,"api.kontur.ru:443"
"Jan 17, 2021 @ 08:06:36.000","10.xxx.xxx.xxx",SomeRealm,imxxxxxxxx,200,GET,292,"5,645","binary/octet-stream","https://content-signature-2.cdn.mozilla.net/chains/normandy.content-signature.mozilla.org-2023-02-28-18-04-18.chain?cachebust=2017-06-13-21-06"
"Jan 17, 2021 @ 08:06:36.000","10.xxx.xxx.xxx",SomeRealm,imxxxxxxxx,200,GET,239,230,"application/json","https://classify-client.services.mozilla.com/api/v1/classify_client/"
"Jan 17, 2021 @ 08:06:35.000","10.xxx.xxx.xxx",SomeRealm,imxxxxxxxx,200,GET,221,"1,022","application/json","https://normandy.cdn.mozilla.net/api/v1/"
"Jan 17, 2021 @ 07:58:42.000","10.xxx.xxx.xxx",SomeRealm,imxxxxxxxx,200,CONNECT,"6,446","36,057",,"api.kontur.ru:443"
"Jan 17, 2021 @ 07:56:03.000","10.xxx.xxx.xxx",SomeRealm,imxxxxxxxx,200,CONNECT,"63,196","1,796,786",,"api.kontur.ru:443"
"Jan 17, 2021 @ 07:55:25.000","10.xxx.xxx.xxx",SomeRealm,imxxxxxxxx,204,GET,392,225,,"https://metrika.kontur.ru/track-event?c=state&a=stopPolling&fp=73f522a52ff8656da6bcd42b672988dc&cv=%7B%22integrationId%22%3A%22KE-web%22%2C%22segment%22%3A%22notEmpty%22%2C%22segmentKey%22%3A%22ke-corp-segment%22%2C%22hasFeatureSegment%22%3Atrue%7D&ts=31.01.2023%2010%3A55%3A25%20GMT%2B03%3A00&id=70&rw=1536&rh=864&biw=1536&bih=713&bow=1550&boh=840&url=https%3A%2F%2Fextern.kontur.ru%2F&urlref=&ei=24&vs=0&vt=39&tabid=39ydX6&ut=direct&ver=2.4.9"
"Jan 17, 2021 @ 07:54:41.000","10.xxx.xxx.xxx",SomeRealm,imxxxxxxxx,204,GET,761,223,,"https://metrika.kontur.ru/track-event?c=candy&a=helptooltipShow&fp=73f522a52ff8656da6bcd42b672988dc&l=options&cv=%7B%22gfv%22%3A%22113104%22%2C%22trigger%22%3A%22hover%22%2C%22for%22%3A%22%D0%A4%D0%B0%D0%B9%D0%BB%2F%D0%94%D0%BE%D0%BA%D1%83%D0%BC%D0%B5%D0%BD%D1%82%2F%D0%9D%D0%94%D0%A4%D0%9B6.2%2F%D0%A0%D0%B0%D1%81%D1%87%D0%A1%D1%83%D0%BC%D0%9D%D0%B0%D0%BB%2F*%22%7D&ts=31.01.2023%2010%3A54%3A41%20GMT%2B03%3A00&id=3&rw=1536&rh=864&biw=1536&bih=713&bow=1550&boh=840&url=https%3A%2F%2Fextern.kontur.ru%2FAllForms%2Fnew_forms%2Fnew_candyform.aspx%3Fgfv%3D113104%26abonId%3D577100cf-a2c9-482e-918b-ad59e9497651%26userId%3D577100cf-a2c9-482e-918b-ad59e9497651%26orgId%3D03f93c7c-2265-4215-b86f-bf0e17e60035%26keDraftId%3D577100cf-a2c9-482e-918b-ad59e9497651__4b4242a2-b528-4882-8c60-f7715e39d363%26externalInitSectionPath%3D%26source%3D%23%2F&urlref=https%3A%2F%2Fextern.kontur.ru%2Freact%2Findex%2F&ei=242&vs=1&vt=2&tabid=39ydX6&ut=direct&ver=2.4.9"
"Jan 17, 2021 @ 14:09:44.000","10.xxx.xxx.xxx",SomeRealm,imxxxxxxxx,200,GET,632,"26,077",text/html,https://service.nalog.ru/addrno.do
"Jan 17, 2021 @ 14:06:17.000","10.xxx.xxx.xxx",SomeRealm,imxxxxxxxx,200,GET,63,"1,253",text/javascript,https://data.nalog.ru/js/ul2018/vendor/jquery.highlight.js?ver=2.0.0.15775
"Jan 17, 2021 @ 14:06:17.000","10.xxx.xxx.xxx",SomeRealm,imxxxxxxxx,200,GET,50,"40,136",text/javascript,https://data.nalog.ru/js/ul2018/script.js?ver=2.0.0.15775
"Jan 17, 2021 @ 14:06:17.000","10.xxx.xxx.xxx",SomeRealm,imxxxxxxxx,200,GET,52,"7,355",text/javascript,https://data.nalog.ru/js/ul2018/script_me.js?ver=2.0.0.15775
"Jan 17, 2021 @ 09:45:52.000","10.xxx.xxx.xxx",SomeRealm,imxxxxxxxx,403,GET,"9,223","3,195",,http://ciscobinary.openh264.org/openh264-win64-2e1774ab6dc6c43debb0b5b628bdf122a391d521.zip
"Jan 17, 2021 @ 13:29:52.000","10.xxx.xxx.xxx",SomeRealm,imxxxxxxxx,200,GET,372,729,text/plain,https://yandex.ru/maps/prefetch.txt
"Jan 17, 2021 @ 13:29:20.000","10.xxx.xxx.xxx",SomeRealm,imxxxxxxxx,403,GET,"9,223","3,195",,http://ciscobinary.openh264.org/openh264-win64-2e1774ab6dc6c43debb0b5b628bdf122a391d521.zip
"Jan 17, 2021 @ 15:10:20.000","10.xxx.xxx.xxx",SomeRealm,imxxxxxxxx,200,CONNECT,0,0,,m1p.ru:443
"Jan 17, 2021 @ 15:10:20.000","10.xxx.xxx.xxx",SomeRealm,imxxxxxxxx,200,CONNECT,0,0,,maot.ru:443
"Jan 17, 2021 @ 15:35:27.000","10.xxx.xxx.xxx",SomeRealm,imxxxxxxxx,200,GET,708,"30,792",text/html,https://www.audit-it.ru/articles/account/p954665.html
"Jan 17, 2021 @ 15:31:11.000","10.xxx.xxx.xxx",SomeRealm,imxxxxxxxx,500,CONNECT,0,0,,px.ads.linkedin.com:443
"Jan 17, 2021 @ 15:21:42.000","10.xxx.xxx.xxx",SomeRealm,imxxxxxxxx,500,CONNECT,0,"2,940",,mitdmp.whiteboxdigital.ru:443
"Jan 17, 2021 @ 15:21:42.000","10.xxx.xxx.xxx",SomeRealm,imxxxxxxxx,500,CONNECT,0,"2,940",,mitdmp.whiteboxdigital.ru:443
"Jan 10, 2023 @ 14:22:54.000","10.xxx.xxx.xxx",SomeRealm,imxxxxxxxx,200,GET,"1,116","448,979",text/html,https://yandex.ru/search/?msid=1673360566151313-13264044229869466480-vla1-3880-vla-l7-balancer-8080-BAL-4032&text=%D0%BF%D1%83%D0%BD%D0%BA%D1%82%D1%83%203.1%20%D1%81%D1%82%D0%B0%D1%82%D1%8C%D0%B8%20214%20%D0%9D%D0%9A%20%D0%A0%D0%A4%20&rdrnd=293100&lr=213&redircnt=1673360573.1
"Jan 17, 2021 @ 13:08:06.000","10.xxx.xxx.xxx",SomeRealm,imxxxxxxxx,403,GET,"9,223","3,195",,http://ciscobinary.openh264.org/openh264-win64-2e1774ab6dc6c43debb0b5b628bdf122a391d521.zip
"Jan 17, 2021 @ 11:30:21.000","10.xxx.xxx.xxx",SomeRealm,imxxxxxxxx,200,CONNECT,0,0,,read.sendsay.ru:443
"Jan 17, 2021 @ 15:20:13.000","10.xxx.xxx.xxx",SomeRealm,imxxxxxxxx,204,GET,417,349,,https://dss.hybrid.ai/Pixel/TrackTp?pid=624476457bc72f06e0c90f3a&foadh=&gapl=&cs=&pcs=&vcs=
"Jan 17, 2021 @ 15:20:13.000","10.xxx.xxx.xxx",SomeRealm,imxxxxxxxx,204,GET,616,476,,https://dss.hybrid.ai/Pixel/Track2?pid=624476457bc72f06e0c90f3a&bobid=&evt=PageView&cost=&text=&ltm=false&cnt=&url=https%3A%2F%2Fwww.avito.ru%2Flyubertsy%2Fkommercheskaya_nedvizhimost%2Fsklad_8.8_m_2547617836&rf=&lng=ru-RU&tz=-3&sw=1617&sh=909&foadh=&gapl=&cs=&pcs=&vcs=&r=
"Jan 17, 2021 @ 15:20:13.000","10.xxx.xxx.xxx",SomeRealm,imxxxxxxxx,200,GET,455,"2,531",image/jpeg,https://88.img.avito.st/image/1/1.-WD7HLawVYnbvjlD4Q6v5E29X4PbvjmLTQ.HS5MOEHDV7-ab_jM4BHB3mf15b95opU0_vdhWBlThI8
"Jan 17, 2021 @ 15:20:13.000","10.xxx.xxx.xxx",SomeRealm,imxxxxxxxx,429,POST,"1,581",512,text/html,https://sntr.avito.ru/api/2296/store/?sentry_key=f1cfe913d6f44732a4b1601444eccb74&sentry_version=7
"Jan 17, 2021 @ 15:20:13.000","10.xxx.xxx.xxx",SomeRealm,imxxxxxxxx,200,GET,396,"2,337",text/html,https://gum.criteo.com/syncframe?topUrl=www.avito.ru&origin=onetag
"Jan 17, 2021 @ 15:20:09.000","10.xxx.xxx.xxx",SomeRealm,imxxxxxxxx,200,GET,601,438,image/gif,"https://www.avito.ru/stat/radar?data={""p"":"""",""c"":{""frontend.new-desktop.env.prod.degradation.SCRIPT"":1}}"
"Jan 17, 2021 @ 15:20:08.000","10.xxx.xxx.xxx",SomeRealm,imxxxxxxxx,200,GET,455,"2,365",image/jpeg,https://05.img.avito.st/image/1/1.6E1pZrawRKRJxChMc3S-yd_HTq5JxCim3w.x4k4d6HKEFFhGcCrjE__Jxi12X_93_H6m7Bxk3lswcw
"Jan 17, 2021 @ 15:20:08.000","10.xxx.xxx.xxx",SomeRealm,imxxxxxxxx,200,GET,456,"7,237",image/png,https://23.img.avito.st/image/1/1.MvEBkba3bHq1sp6atexH3kpgnBqzNpoYfzM.Jefwzc9IPpH-j2zGQtTcRWX1jiSHUY0Ra8gH44aJn44
"Jan 17, 2021 @ 15:20:08.000","10.xxx.xxx.xxx",SomeRealm,imxxxxxxxx,200,GET,455,"2,420",image/jpeg,https://74.img.avito.st/image/1/1.y4RUcLawZ2100gvDTmKdAOLRbWd00gtv4g.vaEmy2ei11jSuNe1sMzVLslW6SINGO_GV74XMweF8l4
"Jan 17, 2021 @ 15:20:08.000","10.xxx.xxx.xxx",SomeRealm,imxxxxxxxx,200,GET,455,"2,587",image/jpeg,https://81.img.avito.st/image/1/1.wC4QfLawbMcw3gB_Cm6WqqbdZs0w3gDFpg.KSn_xJQSURP4bze8aED5UMG-TbD0abnF8kgaXsb8Fqk
"Jan 17, 2021 @ 15:20:08.000","10.xxx.xxx.xxx",SomeRealm,imxxxxxxxx,200,GET,455,"2,326",image/jpeg,https://87.img.avito.st/image/1/1._pSgOLawUn2Amj65uiqoEBaZWHeAmj5_Fg.3UWx8SCkIrCe2VCYXj5mo7wYTxv2z8bE8kM-POnuV8g
"Jan 17, 2021 @ 15:20:08.000","10.xxx.xxx.xxx",SomeRealm,imxxxxxxxx,200,GET,452,"39,827",image/jpeg,https://81.img.avito.st/image/1/1.wC4QfLaybMcm1a7CHHPfPcnfbMGw2W4.Qw9Abej5Fap_sToKA5ouvhFeIE-OqalX9QB74EnvYGc
"Jan 17, 2021 @ 15:20:08.000","10.xxx.xxx.xxx",SomeRealm,imxxxxxxxx,200,GET,521,"1,713",text/javascript,https://www.avito.ru/s/a/j/dfp/px.js?ch=2
"Jan 17, 2021 @ 15:20:08.000","10.xxx.xxx.xxx",SomeRealm,imxxxxxxxx,503,GET,521,422,text/plain,https://www.avito.ru/s/a/j/dfp/px.js?ch=1
"Jan 17, 2021 @ 15:20:06.000","10.xxx.xxx.xxx",SomeRealm,imxxxxxxxx,200,GET,319,"195,107",text/html,https://www.avito.ru/lyubertsy/kommercheskaya_nedvizhimost/sklad_8.8_m_2547617836
"Mar 17, 2021 @ 15:19:33.000","10.xxx.xxx.xxx",SomeRealm,imxxxxxxxx,302,GET,"1,150","1,010",,https://yandex.ru/search?clid=2186620&text=%D1%81%D0%B2%D0%B5%D0%B4%D0%B5%D0%BD%D0%B8%D1%8F+%D0%BE+%D0%BD%D0%B5%D1%82%D1%80%D1%83%D0%B4%D0%BE%D1%81%D0%BF%D0%BE%D1%81%D0%BE%D0%B1%D0%BD%D0%BE%D1%81%D1%82%D0%B8+%D0%B3%D0%BE%D1%81%D1%83%D1%81%D0%BB%D1%83%D0%B3%D0%B8
"Mar 17, 2021 @ 15:19:33.000","10.xxx.xxx.xxx",SomeRealm,imxxxxxxxx,200,GET,390,"609,314",text/html,https://yandex.ru/search/?clid=2186620&text=%D1%81%D0%B2%D0%B5%D0%B4%D0%B5%D0%BD%D0%B8%D1%8F%20%D0%BE%20%D0%BD%D0%B5%D1%82%D1%80%D1%83%D0%B4%D0%BE%D1%81%D0%BF%D0%BE%D1%81%D0%BE%D0%B1%D0%BD%D0%BE%D1%81%D1%82%D0%B8%20%D0%B3%D0%BE%D1%81%D1%83%D1%81%D0%BB%D1%83%D0%B3%D0%B8&lr=213&redircnt=1678115973.1
"Mar 17, 2021 @ 08:58:15.000","10.xxx.xxx.xxx",SomeRealm,imxxxxxxxx,403,GET,"7,480","3,164",,http://ciscobinary.openh264.org/openh264-win32-2e1774ab6dc6c43debb0b5b628bdf122a391d521.zip
"Mar 17, 2021 @ 10:44:34.000","10.xxx.xxx.xxx",SomeRealm,imxxxxxxxx,500,CONNECT,0,0,,rum8.perf.linkedin.com:443
"Mar 17, 2021 @ 07:19:24.000","10.xxx.xxx.xxx",SomeRealm,imxxxxxxxx,403,GET,"7,480","3,164",,http://ciscobinary.openh264.org/openh264-win32-2e1774ab6dc6c43debb0b5b628bdf122a391d521.zip
"Mar 17, 2021 @ 11:13:47.000","10.xxx.xxx.xxx",SomeRealm,imxxxxxxxx,200,GET,88,"8,759",text/html,https://all-routes.ru/offline.html
"Mar 17, 2021 @ 11:12:39.000","10.xxx.xxx.xxx",SomeRealm,imxxxxxxxx,200,GET,144,927,text/plain,https://yandex.ru/maps/prefetch.txt
"Mar 17, 2021 @ 10:52:24.000","10.xxx.xxx.xxx",SomeRealm,imxxxxxxxx,200,GET,141,"1,781",text/html,https://vp.rambler.ru/player/1.78.0/player.html
"Mar 17, 2021 @ 10:52:24.000","10.xxx.xxx.xxx",SomeRealm,imxxxxxxxx,200,GET,62,"1,781",text/html,https://vp.rambler.ru/player/1.78.0/player.html
"Mar 17, 2021 @ 10:52:24.000","10.xxx.xxx.xxx",SomeRealm,imxxxxxxxx,200,GET,821,"4,889",text/html,https://id.gazeta.ru/rambler-id-helper/1.10.1/storage.html
"Mar 17, 2021 @ 09:20:25.000","10.xxx.xxx.xxx",SomeRealm,imxxxxxxxx,200,GET,278,"530,569",text/html,https://yandex.ru/search/?clid=2186620&text=%D0%9C%D0%B0%D0%B4%D0%BD%D0%B8%20%D0%B7%D0%B0%D1%84%D1%84%D0%B5%D1%80&lr=213&redircnt=1677748824.1
"Mar 17, 2021 @ 09:20:24.000","10.xxx.xxx.xxx",SomeRealm,imxxxxxxxx,302,GET,193,375,,https://yandex.ru/search?clid=2186620&text=%D0%9C%D0%B0%D0%B4%D0%BD%D0%B8+%D0%B7%D0%B0%D1%84%D1%84%D0%B5%D1%80
"Mar 17, 2021 @ 09:16:10.000","10.xxx.xxx.xxx",SomeRealm,imxxxxxxxx,302,GET,231,418,,https://yandex.ru/search?clid=2186620&text=%D0%BC%D0%B0%D0%B4%D0%BD%D0%B8+%D1%8F%D0%BD%D0%B8%D1%81+%D0%B7%D0%B0%D1%84%D1%84%D0%B5%D1%80%D0%BE%D0%B2%D0%B8%D1%87
"Mar 17, 2021 @ 09:16:10.000","10.xxx.xxx.xxx",SomeRealm,imxxxxxxxx,200,GET,320,"612,489",text/html,https://yandex.ru/search/?clid=2186620&text=%D0%BC%D0%B0%D0%B4%D0%BD%D0%B8%20%D1%8F%D0%BD%D0%B8%D1%81%20%D0%B7%D0%B0%D1%84%D1%84%D0%B5%D1%80%D0%BE%D0%B2%D0%B8%D1%87&lr=213&redircnt=1677748570.1
"Mar 17, 2021 @ 11:19:54.000","10.xxx.xxx.xxx",SomeRealm,imxxxxxxxx,200,CONNECT,0,0,,ledisharm.com:443
"Mar 17, 2021 @ 11:17:37.000","10.xxx.xxx.xxx",SomeRealm,imxxxxxxxx,200,CONNECT,0,0,,ledisharm.com:443
"Mar 17, 2021 @ 11:17:30.000","10.xxx.xxx.xxx",SomeRealm,imxxxxxxxx,200,CONNECT,0,0,,ledisharm.com:443
"Mar 17, 2021 @ 13:54:35.000","10.xxx.xxx.xxx",SomeRealm,imxxxxxxxx,200,GET,"1,840","2,434",application/json,https://statsb.nativeroll.tv/nr/aserver/group/5c17994f9762b6b4168b46a0?event=visit&gid=5c17994f9762b6b4168b46a0&v=1.20.1&url=https%3A%2F%2Fria.ru%2F20230330%2Fkriminal-1860450545.html%3Futm_source%3Dyxnews%26utm_medium%3Ddesktop&title=%22%D0%9F%D0%BE%D0%B9%D0%BC%D0%B0%D0%BB%D0%B8%20%D0%BD%D0%B5%20%D0%B2%D1%81%D0%B5%D1%85%22.%20%D0%93%D0%B8%D0%B1%D0%B5%D0%BB%D1%8C%20%D1%83%D1%87%D0%B0%D1%81%D1%82%D0%BD%D0%B8%D0%BA%D0%B0%20%D0%A1%D0%92%D0%9E%20%D0%B2%D0%B7%D0%B1%D1%83%D0%B4%D0%BE%D1%80%D0%B0%D0%B6%D0%B8%D0%BB%D0%B0%20%D0%9B%D0%B5%D0%BD%D0%B8%D0%BD%D0%B3%D1%80%D0%B0%D0%B4%D1%81%D0%BA%D1%83%D1%8E%20%D0%BE%D0%B1%D0%BB%D0%B0%D1%81%D1%82%D1%8C%20-%20%D0%A0%D0%98%D0%90%20%D0%9D%D0%BE%D0%B2%D0%BE%D1%81%D1%82%D0%B8%2C%2030.03.2023&ref=https%3A%2F%2Fdzen.ru%2Fnews%2Fstory%2FPojmali_ne_vsekh._Gibel_uchastnika_SVO_vzbudorazhila_Leningradskuyu_oblast--19ef82491feaafff61daafdb4dd3b014%3Flang%3Dru%26from%3Drub_portal%26wan%3D1%26stid%3DbN_HeqvUpi1VffTLV6Yb%26t%3D1680183042%26persistent_id%3D2705384751%26story%3De5356233-9b0e-500e-948b-6474b988b703%26issue_tld%3Dru%26utm_referrer%3Ddzen.ru&block_enabled=0&width=600&height=0&offset_px=0&offset_pct=50&lenght_px=0&cookie_enabled=1&t=2023-03-30T16%3A54%3A35&mode=outstream&data_saver=false&places=0&nr_f=MTY4MDE4NDQ3NTM1Nw%3D%3D&ancestor_origins=&hwConcurrency=4&platform=Win32&touchPoints=0&plays360=true&plays_inline=true&power_saver=false&li=&cid=60ec57b0-68d0-4ede-90cc-c40087ee24d1
"Mar 17, 2021 @ 13:54:32.000","10.xxx.xxx.xxx",SomeRealm,imxxxxxxxx,200,GET,290,"9,000",text/json,https://data.24smi.net/informer?object=19721&num=15&output=json&chash=dc4049d9-f55d-4bc2-9ec5-8bb09e166325
"Mar 17, 2021 @ 13:54:32.000","10.xxx.xxx.xxx",SomeRealm,imxxxxxxxx,200,POST,344,158,application/json,https://redllama.ru/core/headbidd
"Mar 17, 2021 @ 13:54:30.000","10.xxx.xxx.xxx",SomeRealm,imxxxxxxxx,200,POST,"1,951",392,application/json,https://redllama.ru/core/headbidd
"Mar 17, 2021 @ 13:54:28.000","10.xxx.xxx.xxx",SomeRealm,imxxxxxxxx,200,GET,"1,801","197,359",text/html,https://ria.ru/20230330/kriminal-1860450545.html?utm_source=yxnews&utm_medium=desktop
"Mar 17, 2021 @ 13:53:29.000","10.xxx.xxx.xxx",SomeRealm,imxxxxxxxx,200,GET,"1,255","214,277",text/html,https://dzen.ru/news/story/Pojmali_ne_vsekh._Gibel_uchastnika_SVO_vzbudorazhila_Leningradskuyu_oblast--19ef82491feaafff61daafdb4dd3b014?lang=ru&from=rub_portal&wan=1&stid=bN_HeqvUpi1VffTLV6Yb&t=1680183042&persistent_id=2705384751&story=e5356233-9b0e-500e-948b-6474b988b703&issue_tld=ru&utm_referrer=dzen.ru
"Mar 17, 2021 @ 13:51:58.000","10.xxx.xxx.xxx",SomeRealm,imxxxxxxxx,200,GET,"1,269","218,483",text/html,https://dzen.ru/news/story/Gonorar_suprugi_Meladze_koncerty_kotorogo_byli_otmeneny_sostavil_menshe_milliona_rublej--abf6a4d6ea8de6d2b00a547636ac11fc?lang=ru&from=main_portal&fan=1&stid=IJmuXr4BA9bxMWkoSi5d&t=1680183042&persistent_id=2705401636&story=5ffaa965-77ff-5cb8-9137-329839b4c9cc&issue_tld=ru&utm_referrer=dzen.ru
"Mar 17, 2021 @ 13:49:49.000","10.xxx.xxx.xxx",SomeRealm,imxxxxxxxx,200,GET,"1,263","235,573",text/html,https://dzen.ru/news/story/Raiffeisen_Bank_khochet_prodat_rossijskie_aktivy_ili_vyvesti_ikh_izsostava_gruppy--6d64c606c9b425f8b848733d932b7ed3?lang=ru&from=main_portal&fan=1&stid=TsUUwwAdDJ34GI5emAjh&t=1680183042&persistent_id=2705396306&story=862c2d69-6291-5616-9bab-722aa1cb7457&issue_tld=ru&utm_referrer=dzen.ru
"Mar 17, 2021 @ 09:06:25.000","10.xxx.xxx.xxx",SomeRealm,imxxxxxxxx,200,GET,90,"1,108","image/svg+xml","https://yastatic.net/s3/home/services/block/kinopoisk_redesign0.svg"
"Mar 17, 2021 @ 09:06:25.000","10.xxx.xxx.xxx",SomeRealm,imxxxxxxxx,200,GET,96,380,"image/svg+xml","https://yastatic.net/s3/home-static/_/W/P/9R-NwTGJVVR5AiZEKm8smhNqM.svg"
"Mar 17, 2021 @ 09:06:25.000","10.xxx.xxx.xxx",SomeRealm,imxxxxxxxx,200,GET,82,"1,263","image/svg+xml","https://yastatic.net/s3/home/services/block/taxi_new.svg"
"Mar 17, 2021 @ 09:06:25.000","10.xxx.xxx.xxx",SomeRealm,imxxxxxxxx,200,POST,896,297,"image/gif","https://clck.dzen.ru/click"
"Mar 17, 2021 @ 09:06:24.000","10.xxx.xxx.xxx",SomeRealm,imxxxxxxxx,302,GET,968,554,,"https://yandex.ru/an/count/WmWejI_zOEC2zHS0b2a4pkFCwYeMsmK0umCnYlyZP000000uf8d90K02I0HWw1bmdeZr_AsjeApp0O012P01YB6zlz-0W802c068iRs_NxW1_EJ9nIN00MxO0RZKZga1w05ia0Bu1C2Rq0M81S2Rq0MG1S2Rq0MW1O3Tsm6e1S2Djm6m1S2Djm6u1S2Djm701S2Rq0N81S2Djm7vtzQmprguCQa7WH1vxBixVXMm1u20c3ou1wmqq0SIWO20W808w0b3oVWAWBKOgWiGSAIKlu4G0G3DMlX91lZe2y2Rq0Nm2mhe39C2u0s2W830W82023_vlzk6-zcMt36W3i24FR8F0X01W12SwEya2FWG1l0I1gRsf-V-XvgA5-0Jm8st0Q0Km8st0QWKm9lG1SWK0kWKX0Bm5S6AzkoZZxpyOv0MNA0MaEJbe0R95e4Nc1VBqzCZg1S9m1UqbW7O5y24FUWN0Q0O1R0OxzMFeGQu607G627u69_Dl86qhyse2u0P6G6W6Qe3i1cu6S3I6H9vOM9pNtDbSdPbSYzoE30pBJFW6G7e6O320_0PWC83WHh__sEfs6VNePWQrCDJi1gxik7iYkZo_Ay1k1e1zHe10000WXjBCJOuC30uC3StE30rCZ8nCIqnE3auDZSmDZKpCJaqD3KqDp8uC30nC3OjS79lP7LZT6blRYrXS70jQ6zpT2rsR64jS6DlP6KjCpOsi1j1k1i3WXmDMbb5EbfCQsvER3HeD-aSW1t_VvaTo1t0X3se7W7G7kV2jEhw-eAdRTWU_8qVe1-SwEyai1y1o1-SgiTKs22cif0Gu206q27___y1s279o-lcZj3-bXZO8T3MWEgg_Ac-nG7O8SREnuoppSpKvW7ewFWXanhL8l__V_-18yeZ4200kGrSni0cIEeq5qPt4IECZKCoypDcSImYEfjzVZU8BN6wi7UBDD0OOgEPENagE7tQ4BCeHXeaM8GiAgz2ZP202jozGj3DOWBekUkTiOfBLZuNB2uES3UvS8WRe2jK_gITCm00~1?test-tag=556352883654836&pcode-active-testids=746252%2C0%2C56"
"Mar 17, 2021 @ 09:06:24.000","10.xxx.xxx.xxx",SomeRealm,imxxxxxxxx,200,GET,145,367,"image/gif","https://yandex.ru/an/count/0/8767453722592584207?yclid=1548742582679705336"
"Mar 17, 2021 @ 08:59:13.000","10.xxx.xxx.xxx",SomeRealm,imxxxxxxxx,200,GET,91,"35,881","image/svg+xml","https://www.bing.com/th?id=ODSWG.1010e477-354b-44c5-ac52-adc331ca76ac&pid=dsb"
"Mar 17, 2021 @ 08:59:13.000","10.xxx.xxx.xxx",SomeRealm,imxxxxxxxx,200,GET,668,"35,827","image/svg+xml","https://www.bing.com/th?id=ODSWG.13a21f1e-630c-4e5f-bdca-eb08b94e06ad&pid=dsb"
"Mar 17, 2021 @ 08:59:12.000","10.xxx.xxx.xxx",SomeRealm,imxxxxxxxx,200,GET,750,"2,594","application/json","https://www.bing.com/DSB?clientDateTime=3%2F29%2F2023%2C%2010%3A57%3A55%20AM&cc=RU&setlang=ru-ru&dsbschemaversion=1.1"
"Mar 17, 2021 @ 08:55:58.000","10.xxx.xxx.xxx",SomeRealm,imxxxxxxxx,403,GET,227,"3,010",,"https://ieonline.microsoft.com/iedomainsuggestions/ie11/suggestions.ru-RU"
"Mar 17, 2021 @ 08:40:50.000","10.xxx.xxx.xxx",SomeRealm,imxxxxxxxx,200,POST,"1,889",574,"image/gif","https://mc.yandex.ru/webvisor/55297636?wmode=0&wv-part=27&wv-hit=578302007&page-url=https%3A%2F%2Fondb.consultant.ru%2Fnews%2F21981%2F%3Fq%3D8D48190F01AA20EC3845AF45B4F282496E2BCB7F328376F7D85C9E3668EF971E11CA59CC406413481BF34C979A457DB8B8FFBC03227A54106B3CEAFD8DA77AD1DBC7067401911B6CACD3EE478A4C1AEFD2F74AF99B6CEA64942106D7E3C770F6B267776E08520F44B39DF815B405D055E431FC57BE8E17969F3D46C7F793C821022CC9CD21FE2A517953D60E7E934E2AF803EB40897A2028D9EECB299B0DFF074D818114D4B95D8184A8278264928D95F9A61BA708EB56E880C7238A271C41DB6D5CAC734E609E0D4BE29C1339A3BBDB14E758BAD6B00581B8FEgCk1I&rn=556335712&wv-type=3&browser-info=we%3A1%3Aet%3A1680079251%3Aw%3A1887x941%3Av%3A991%3Az%3A180%3Ai%3A20230329114050%3Au%3A1680078128931480190%3Avf%3A3ue65zhww2f2brt35wtqzj%3Ast%3A1680079251&t=gdpr(14)ti(2)"
"Mar 17, 2021 @ 08:40:46.000","10.xxx.xxx.xxx",SomeRealm,imxxxxxxxx,200,POST,"1,890",574,"image/gif","https://mc.yandex.ru/webvisor/55297636?wmode=0&wv-part=26&wv-hit=578302007&page-url=https%3A%2F%2Fondb.consultant.ru%2Fnews%2F21981%2F%3Fq%3D8D48190F01AA20EC3845AF45B4F282496E2BCB7F328376F7D85C9E3668EF971E11CA59CC406413481BF34C979A457DB8B8FFBC03227A54106B3CEAFD8DA77AD1DBC7067401911B6CACD3EE478A4C1AEFD2F74AF99B6CEA64942106D7E3C770F6B267776E08520F44B39DF815B405D055E431FC57BE8E17969F3D46C7F793C821022CC9CD21FE2A517953D60E7E934E2AF803EB40897A2028D9EECB299B0DFF074D818114D4B95D8184A8278264928D95F9A61BA708EB56E880C7238A271C41DB6D5CAC734E609E0D4BE29C1339A3BBDB14E758BAD6B00581B8FEgCk1I&rn=1011435708&wv-type=3&browser-info=we%3A1%3Aet%3A1680079247%3Aw%3A1887x941%3Av%3A991%3Az%3A180%3Ai%3A20230329114046%3Au%3A1680078128931480190%3Avf%3A3ue65zhww2f2brt35wtqzj%3Ast%3A1680079247&t=gdpr(14)ti(2)"
